mutation,number_month
N:G204R,14
N:R203K,14
ORF1b:P314L,14
S:D614G,14
ORF3a:Q57H,13
ORF3a:S171L,13
ORF1a:I300F,12
ORF1a:K3353R,12
ORF1b:R2257S,11
ORF1a:L3606F,10
S:P681R,10
S:Q677H,9
S:T95I,9
N:S194L,8
ORF1a:E57K,8
ORF1a:P2046L,8
S:Q675H,8
ORF1a:R24C,7
ORF1a:S610L,7
ORF3a:T151I,7
S:A701V,7
S:L18F,7
S:L5F,7
S:P681H,7
N:D377Y,6
N:D3L,6
N:M1X,6
N:S235F,6
N:T205I,6
ORF1a:A1708D,6
ORF1a:A3209V,6
ORF1a:K1230N,6
ORF1a:T1001I,6
ORF1a:T265I,6
ORF1b:L1351F,6
ORF1b:M1197I,6
ORF3a:D155Y,6
ORF3a:K75N,6
ORF8:D35Y,6
ORF8:E106*,6
ORF8:E64*,6
ORF8:Q27*,6
ORF8:R52I,6
ORF8:Y73C,6
S:A570D,6
S:D1118H,6
S:E484K,6
S:G75V,6
S:K417N,6
S:N501Y,6
S:S982A,6
S:T716I,6
S:V143F,6
